,GCTGGCGGCA,GGATAAGGCG,GCTGGTGGCG,CGCCACCAGC,CGCCGCATCC,AGGCGCTGGA,GCGCCGCCAG,CGCTGGTGGC,TGCTGGAAGA,GCGGCGCTGG,CGCATCCGGC,GCCTGATGCG,CCGGATGCGG,CCGCCAGCAG,GCCAGCAGCA,TTTTTCCAGC,TGCGCCAGCG,TCCAGCGCCG,GATGCGACGC,TCCAGCGCCT,ATCGCCAGCG,CCGCATCCGG,GATAAGGCGT,GCCGCATCCG,TCAGCGCCAG,GCTGGCGATG,GGCCGGATAA,CTTCCAGCGC,TTATCAGGCC,ACCAGCGCCA,CGCTGGCGCT,TTTCAGCGCC,TCTTCCAGCG,GCCAGCGCCA,GGATGCGGCG,GCTGGCGCGT,CTGCGCCAGC,ATGCGACGCT,TGCCGCCAGC,AATCGCCAGC,CCGCCAGCGC,TGCCTGATGC,CCAGCGCCGC,CTGGCGCAGG,CGCTGGCGCG,GCATCCGGCA,CCACCAGCGC,GCCGGATGCG,CGCTGGAAGA,GCTGGAAAAA,GCCGGATAAG,GCTGCTGGCG,AGCGCCAGCA,CCGCCGCCAG,CAGCGCCTGC,CACCACCAGC,GCGTCTTATC,CACCAGCGCC,GCCACCAGCG,TGCCAGCGCC,CGCGCTGGCG,CGGATAAGGC,TGCCGGATGC,ACGCCGCATC,CCTGCGCCAG,GGCGCTGGAA,CGCATCAGGC,CAGCGCCTGA,TTTCGCCAGC,GGCGCTGGTG,TGGCGCTGGC,ATAAGGCGTT,TTGCCAGCGC,CGCCAGCAGC,GATGCGGCGT,CAGCGCCAGA,CGCCAGCCAG,GCTGGCGCAG,CTGGCTGGCG,CAATCGCCAG,GCCGCCAGCG,GCGCTGGCGG,CGCTGGCGGC,TTCCAGCGCC,GCAGGCGCTG,CGGATGCGGC,CGCCGGCCAG,CGGCGCGGCG,GCGCTCGGCG,CCGGCGGCGC,CCGGCGGCGA,CCTGCTCGGC,GGCCTGGCGC,CGGCCTGGCC,GCCGGCGCCG,CGGCGCGCTG,CGGCGCCGCC,CGCCTGGCCG,GGCGGCGCCG,CGGCCAGGGC,GCCGAGCAGG,CCAGGCGCTG,CAGGCCGAGG,CGCCGCGCCG,CGCCGAGCAG,CTGCTCGGCG,CAGCAGGCCG,CCTGCGCCTG,CGCCGCCGGC,CCTCGGCGGC,CGCCGCCGCC,CGCCGGCGGC,CGGCGGCGCC,GGCGCTGGCC,CCTGCTGCTG,CTGCTGCTGG,CAGCGCGCCG,GCCGGCCAGC,CCAGGCCGGC,GGCCGGCGCC,GCGCCTGGCG,GCGCCGGCGC,CGCGCCGCCG,GCGCCTGCTG,CGGCGGCCTG,GCGCCAGGCG,CTCGGCGGCG,CGCCGGCGCC,CGCCAGGCGC,GCGCTGGCCG,CGGCGCCGGC,GGCGCCGGCG,CGCCGGCCTG,GGCGCCGCCG,GGCCAGCGCC,GCCGGCGCGC,CAGCGCCTGG,CGCCGCGCTG,CGGCGGCCAG,CAGCGCCGCC,CGGCGAGCAG,CAGCGCCAGG,CAGCAGCAGG,CAGGCCGCCG,GCCGCCGGCG,GGCCAGGCGC,CGGCCAGCGC,CCTGGCGCTG,GCCGAGGCCG,GCCGGCGGCC,CTGGCCGGCG,GGCCAGGGCG,GGCCGCCGGC,CAGCAGGCGC,CAGCGCGGCG,CGGCGGCGCG,CAGGCGCAGG,CAGGCGCTCG,GCCGGCCAGG,CTGGCCGCCG,CGGCGGCGGC,CCAGGCGCAG,CCTGGCCGGC,GCCGGCGGCG,GGCCAGGCCG,CGGCCTGGCG,CAGGCCGGCG,GGCGGCGGCG,CGCCGCCGAG,GCCCTGGCCG,CGGCCTGCTG,GCCGCCGCCG,sample
0,3,11,11,11,12,10,8,6,5,10,15,6,9,6,7,3,6,6,9,10,2,9,11,11,5,5,9,4,6,5,4,4,2,12,12,13,5,11,3,2,9,5,10,4,5,13,4,15,2,2,9,7,6,8,10,6,5,8,6,5,5,12,13,9,4,9,6,7,12,8,12,9,6,7,9,4,5,5,5,9,3,9,3,9,10,11,0,4,2,2,2,1,0,1,0,4,3,1,3,2,1,3,0,4,4,4,5,2,0,4,8,0,1,4,8,5,4,2,2,0,2,3,4,1,2,1,5,0,2,3,0,0,0,1,4,0,3,7,1,4,2,1,8,2,0,0,3,1,1,0,0,2,0,1,7,4,2,1,0,1,3,1,0,0,1,5,0,8,5,2,5,3,0.0
1,8,20,19,19,23,15,18,11,14,17,28,16,20,19,12,10,12,10,15,15,9,20,19,24,10,12,17,10,15,9,9,7,12,21,23,17,8,17,8,7,18,14,17,6,12,29,11,28,12,9,15,17,21,13,21,16,12,17,11,11,18,21,29,21,6,15,16,11,15,17,21,17,7,17,21,9,8,8,8,15,11,18,11,15,21,24,0,9,5,4,5,1,1,1,0,8,4,2,4,2,1,7,1,10,4,4,15,6,0,6,13,1,1,4,10,13,8,2,2,0,8,3,8,5,5,4,8,0,8,4,0,0,0,1,4,0,7,10,2,7,3,7,10,5,1,1,4,7,2,0,0,4,0,5,10,8,6,2,1,2,6,4,0,0,1,6,0,14,8,2,15,5,0.0
2,11,33,33,33,37,27,25,22,19,29,45,32,34,24,12,11,17,18,23,27,15,34,31,40,22,19,27,15,29,18,15,11,15,30,37,24,16,25,11,11,28,29,29,9,21,45,19,45,15,10,27,19,31,20,28,22,20,25,22,22,23,34,45,33,9,26,32,17,22,25,30,29,15,19,33,15,13,16,13,20,19,28,19,26,28,40,0,10,6,7,5,2,2,2,0,10,5,3,5,2,2,17,2,11,7,7,17,13,1,7,22,2,2,5,15,15,10,2,2,0,11,5,10,8,6,5,16,0,11,6,0,0,0,2,5,1,17,17,4,14,4,9,15,6,2,3,5,9,4,0,0,4,0,8,17,10,14,3,1,4,13,5,0,1,2,8,0,23,16,2,17,12,0.0
3,21,44,40,40,47,34,35,29,24,38,58,44,45,32,16,21,23,25,33,34,20,45,41,54,27,24,36,23,38,23,24,15,22,38,47,29,23,34,20,21,37,42,38,12,27,60,22,58,22,20,34,23,37,26,42,26,27,30,29,27,31,44,60,45,12,34,44,21,24,30,38,39,19,23,45,20,21,23,21,28,31,37,31,34,41,54,0,11,6,9,10,2,3,3,0,12,7,6,7,3,2,23,2,12,10,10,18,16,2,7,25,2,3,5,18,17,12,2,2,0,17,5,14,9,10,9,16,0,17,8,0,0,0,3,5,1,23,22,4,21,5,11,18,10,2,3,7,11,4,0,0,8,0,10,22,14,17,3,1,4,15,7,0,2,3,8,0,26,16,3,18,14,0.0
4,26,57,47,47,60,45,42,33,28,47,71,57,55,39,22,27,32,31,41,45,25,55,52,67,35,31,48,33,47,29,31,24,30,43,60,37,27,43,25,23,47,54,47,13,38,75,26,71,30,26,46,30,40,33,53,37,35,38,33,31,37,55,75,57,13,44,57,30,34,38,43,48,21,31,57,26,33,27,32,29,36,47,36,44,52,67,0,14,13,9,14,2,3,3,0,16,7,6,7,4,2,27,2,15,12,12,19,19,2,8,28,2,3,7,21,24,16,2,3,0,23,9,19,14,12,12,17,0,23,10,0,0,0,3,7,1,27,25,5,27,6,14,21,12,2,4,9,14,4,0,0,10,0,15,25,19,20,3,1,5,19,9,0,2,3,10,0,29,17,4,19,18,0.0
5,35,65,63,63,69,54,49,41,33,53,81,66,67,51,30,32,37,33,51,54,35,67,61,78,39,40,55,40,53,38,38,28,37,52,69,47,31,53,34,29,51,60,53,14,47,84,34,81,37,31,54,42,50,43,63,52,42,45,41,39,42,66,84,64,14,52,66,35,42,45,52,55,28,44,64,31,43,31,42,38,40,51,40,52,62,78,1,15,14,11,17,5,6,3,0,20,9,7,9,4,5,30,2,16,18,18,25,20,3,8,35,4,3,9,25,34,20,2,3,0,29,15,21,17,14,16,18,0,29,10,0,0,1,3,9,1,30,33,6,30,6,17,25,14,3,4,9,17,5,1,1,10,1,18,33,21,21,3,1,6,23,9,0,3,3,14,0,36,18,4,25,22,0.0
6,41,75,71,71,79,58,55,50,38,61,96,77,78,54,34,42,40,36,62,58,40,78,71,89,47,44,66,48,61,47,44,35,51,57,79,52,33,62,40,34,58,70,61,16,49,98,39,96,51,41,65,50,57,47,67,59,50,52,50,41,49,78,98,74,16,56,77,39,48,52,57,67,31,52,74,37,54,33,53,42,47,58,47,56,66,89,1,17,17,15,21,6,9,3,1,22,9,8,9,4,6,34,2,18,21,21,26,20,5,11,40,5,4,11,32,44,22,3,3,0,30,18,26,21,15,17,20,1,30,12,1,1,1,4,11,2,33,37,8,33,7,21,32,15,4,5,11,21,6,1,1,11,1,22,37,26,21,3,1,8,25,12,0,5,3,18,0,41,20,4,26,24,0.0
7,47,93,77,77,98,62,59,56,44,69,115,96,93,63,37,47,44,45,77,62,45,93,86,108,52,52,76,57,73,52,49,41,60,63,98,60,38,73,46,36,64,86,69,22,56,115,45,115,59,46,76,58,63,49,73,68,65,56,56,44,55,96,115,90,22,66,96,46,53,56,63,81,35,60,90,40,58,38,57,51,53,64,53,66,72,108,1,19,19,17,25,8,9,3,1,25,10,11,10,4,9,40,3,20,24,24,32,24,7,14,48,5,4,14,34,47,25,3,3,0,32,19,31,23,19,21,21,1,32,15,1,1,1,4,14,2,39,41,12,39,8,21,34,18,4,6,14,21,7,1,1,13,1,24,41,31,24,5,1,12,30,13,0,7,3,19,0,49,21,4,32,29,0.0
8,54,98,80,80,102,70,65,60,50,75,123,104,96,70,42,54,54,50,83,70,54,96,91,112,54,57,80,66,81,57,56,42,67,77,102,70,44,78,53,46,75,92,75,28,69,124,50,123,66,53,80,63,68,56,83,75,71,60,60,56,57,101,124,95,28,73,104,55,61,60,77,86,43,65,95,44,66,44,65,61,62,75,62,73,82,111,2,22,21,18,28,10,10,5,1,26,12,13,12,5,11,44,5,23,27,27,36,30,8,14,55,5,5,16,34,48,26,3,3,0,36,21,35,24,23,22,22,1,36,17,1,1,1,5,16,2,43,44,15,45,13,27,34,22,4,9,16,27,7,1,2,13,1,25,44,35,30,7,2,15,33,14,1,8,5,19,0,56,22,5,36,32,0.0
9,62,112,88,88,118,78,73,64,57,85,144,118,113,77,47,67,59,54,94,78,60,113,103,126,57,58,92,71,90,62,64,48,72,88,118,78,46,89,61,58,90,106,85,32,73,147,56,144,71,66,94,68,74,66,90,84,80,66,64,64,68,116,147,109,32,78,118,61,67,66,88,98,46,70,109,52,73,46,72,73,70,90,70,78,89,125,2,28,23,20,30,12,11,6,1,31,12,16,12,5,13,47,5,29,30,30,36,34,8,14,60,5,5,17,39,50,31,4,3,0,40,23,35,25,24,26,24,1,40,17,1,1,1,5,17,3,46,48,17,51,16,29,38,23,4,10,16,29,7,1,2,13,1,26,48,35,34,7,2,17,33,14,1,8,6,21,0,61,24,5,36,32,0.0
10,72,118,99,99,130,83,80,72,59,94,156,127,121,88,50,78,60,55,101,83,67,121,109,138,69,64,98,81,96,67,73,51,82,99,129,83,50,93,71,62,96,112,94,37,79,156,64,156,81,77,101,71,79,72,99,93,83,71,72,74,75,122,156,122,37,82,127,65,71,72,99,105,50,73,122,65,81,50,80,76,72,96,72,82,98,137,2,29,25,21,33,15,11,6,1,36,12,18,12,5,16,50,7,30,34,34,40,38,9,14,68,7,5,20,40,52,36,4,3,0,42,25,37,28,27,30,25,1,42,17,1,1,1,5,20,4,49,50,18,55,16,34,39,26,6,10,16,34,7,1,2,14,1,29,50,37,38,8,2,18,39,17,1,9,6,22,0,69,25,5,40,38,0.0
11,81,129,105,105,143,88,90,77,66,102,172,138,134,101,57,84,63,61,114,88,71,134,119,152,76,71,108,85,107,74,80,55,91,109,142,91,54,104,80,65,102,122,101,43,93,169,69,172,90,83,113,84,84,78,108,98,91,81,77,82,82,134,169,132,43,88,138,69,79,82,109,116,52,86,132,70,87,54,86,81,75,102,74,88,107,151,2,34,29,23,36,18,15,7,1,37,13,20,13,7,19,55,7,35,39,39,46,44,9,14,73,7,5,23,41,57,37,4,3,0,44,29,41,30,30,33,28,1,44,20,1,1,1,5,23,4,54,57,20,59,19,45,40,29,6,11,19,45,7,1,2,15,1,31,57,40,44,9,3,20,43,21,2,9,7,22,0,74,28,7,45,42,0.0
12,89,139,109,109,152,95,96,82,69,106,185,151,144,112,64,94,70,62,126,95,78,144,126,164,85,76,117,89,117,80,88,55,95,115,151,94,64,117,88,72,110,135,105,46,97,180,75,185,94,93,123,93,90,84,117,105,103,85,82,91,84,144,180,143,46,91,151,76,86,86,115,122,56,95,143,73,94,64,93,91,83,110,82,91,116,163,2,39,32,24,38,19,19,8,1,39,14,21,14,7,20,58,7,39,41,41,53,47,9,14,78,7,5,24,43,64,39,4,3,0,47,32,42,37,32,36,28,1,47,21,1,1,2,5,24,4,57,60,21,63,25,52,42,31,6,11,20,52,7,1,2,17,1,38,61,41,47,9,3,21,48,23,2,9,8,24,1,79,28,7,52,47,0.0
13,95,148,119,120,161,106,103,90,80,112,198,160,155,119,67,100,74,70,134,106,87,155,132,173,89,84,124,97,123,89,96,58,99,123,160,100,73,123,94,78,114,146,112,50,104,192,82,198,98,99,131,100,97,92,127,114,109,95,90,96,91,152,192,153,50,106,160,80,92,96,123,130,61,103,153,81,101,73,100,95,88,114,87,106,126,172,2,42,35,26,41,20,21,8,1,41,14,22,14,8,21,64,9,42,44,44,58,53,10,14,84,9,5,26,45,68,41,5,5,0,50,34,45,38,37,41,28,1,50,22,1,1,2,5,26,4,63,61,21,66,27,55,44,36,8,12,21,56,7,1,2,18,1,39,62,44,53,9,4,21,50,26,3,10,8,28,1,85,28,8,57,49,0.0
14,99,158,127,128,174,114,108,94,87,119,213,171,169,129,74,106,79,79,141,114,93,169,144,186,93,91,132,107,130,94,101,63,108,129,173,104,83,129,98,82,119,156,119,56,108,209,88,214,107,105,141,112,103,99,134,122,114,101,94,100,96,162,209,162,56,117,171,83,96,102,129,142,66,115,162,83,103,83,102,97,93,119,92,117,133,185,2,43,37,28,41,20,22,10,1,46,14,27,14,9,21,72,9,43,44,44,60,54,10,14,88,9,5,26,50,70,46,5,5,0,57,35,50,41,38,44,29,1,57,22,1,1,2,5,26,5,71,65,21,68,31,60,49,37,8,13,21,61,7,1,2,19,1,42,66,49,54,11,4,21,54,27,3,10,10,28,1,89,29,9,59,53,0.0
15,105,164,133,134,185,121,113,98,91,129,226,179,178,138,78,118,85,85,147,121,108,178,150,197,96,100,138,108,138,97,110,64,112,137,184,111,88,133,104,91,128,167,129,63,113,222,93,227,111,117,147,117,106,110,141,129,122,105,99,106,101,169,222,176,63,123,179,87,98,106,137,147,73,121,176,89,107,88,106,104,101,128,100,123,142,196,2,45,37,31,45,22,22,10,1,51,15,28,15,9,23,77,9,45,45,45,64,58,11,14,96,10,6,29,54,77,51,5,5,0,64,36,52,44,40,49,31,1,64,23,1,1,2,6,29,5,76,72,22,76,35,61,53,39,9,15,22,62,7,1,2,20,1,45,73,51,58,11,5,22,55,30,4,11,10,33,1,97,31,9,63,54,0.0
16,108,173,143,144,195,129,115,106,96,137,237,188,183,146,85,122,93,91,153,129,119,183,159,207,100,110,141,115,147,105,114,66,121,139,194,118,96,140,107,100,131,177,137,70,116,234,101,238,120,121,150,123,108,121,149,140,128,112,107,110,105,177,234,184,70,134,188,93,106,113,140,155,75,127,184,94,118,96,117,107,110,131,109,134,150,206,2,49,38,32,50,23,24,11,2,55,15,33,15,9,24,80,9,49,47,47,65,62,11,15,101,10,6,29,60,82,55,5,5,0,66,41,60,49,45,51,33,2,66,23,2,2,2,6,29,7,79,75,22,83,36,63,59,44,9,17,22,64,7,1,2,21,1,50,76,59,63,11,5,22,56,31,4,11,11,35,1,103,33,9,64,54,0.0
17,119,179,151,152,200,135,122,112,102,146,245,198,187,154,91,130,100,95,159,135,127,187,165,211,105,119,147,125,154,112,119,70,131,143,199,123,109,146,118,105,144,184,146,76,120,241,106,246,130,129,156,132,114,127,157,146,133,117,113,113,113,185,241,190,76,143,198,97,111,118,144,161,78,136,190,103,123,109,122,112,122,144,121,143,158,210,2,53,38,34,55,25,25,11,2,63,16,35,16,9,26,83,11,53,52,52,72,64,11,17,106,10,7,30,64,90,63,5,5,0,70,42,65,51,46,53,35,2,70,25,2,2,2,7,30,8,82,78,23,89,38,64,63,45,9,17,24,65,7,1,2,21,1,52,79,64,65,11,5,23,57,32,4,11,11,38,1,108,35,9,71,55,0.0
18,122,186,160,161,207,142,126,116,108,152,257,209,196,159,96,136,103,97,164,142,139,196,172,221,111,125,155,127,158,119,125,76,136,147,206,132,118,151,121,114,155,192,152,83,130,253,112,258,135,135,165,139,118,133,164,153,138,125,117,118,118,193,253,199,83,147,209,100,114,126,148,168,85,143,199,108,131,118,130,120,129,156,128,147,165,220,2,55,41,36,58,27,27,11,2,66,18,37,18,9,28,89,11,55,52,52,74,68,13,17,113,12,9,30,68,96,66,5,5,0,73,43,68,52,49,56,36,2,73,26,2,2,2,9,30,8,88,82,23,90,39,65,67,48,11,21,24,66,7,1,2,22,1,53,83,67,69,12,5,23,59,34,4,13,11,42,1,115,36,9,74,57,0.0
19,127,196,168,169,218,148,130,120,112,159,272,219,203,167,103,145,109,98,170,148,145,203,182,232,113,130,162,132,166,124,128,79,139,157,217,138,124,157,126,120,160,200,159,89,140,265,123,273,138,144,172,149,126,141,170,163,144,130,121,129,124,205,265,214,89,154,219,106,120,131,158,178,93,153,214,110,144,124,143,130,134,161,133,154,171,231,2,56,43,40,60,30,31,11,2,68,19,39,19,9,31,95,11,56,53,53,80,68,14,18,118,13,10,34,70,98,68,5,5,0,76,46,71,54,51,58,39,3,76,26,2,3,2,10,34,9,94,87,25,100,40,71,69,50,12,22,24,72,7,1,2,22,1,55,88,70,69,13,5,25,64,36,4,14,11,46,1,120,39,9,80,62,0.0
20,139,202,175,176,228,153,134,124,116,165,283,224,211,173,114,153,116,102,173,153,155,211,188,243,119,138,165,138,171,131,131,88,150,172,227,145,127,160,138,125,166,205,166,93,153,275,126,284,149,152,176,157,134,145,179,169,148,135,125,141,126,213,275,221,93,161,224,111,126,136,173,185,97,161,221,116,150,127,149,133,141,166,140,161,180,242,2,62,46,45,63,32,31,11,2,71,19,44,19,10,33,100,11,62,55,55,82,69,15,18,125,14,11,36,75,103,71,6,5,0,78,49,75,58,55,58,41,3,78,26,2,3,2,11,37,9,99,88,25,102,41,73,74,54,13,22,24,74,7,1,2,22,1,59,89,74,70,13,6,25,67,39,5,15,11,46,1,127,41,10,82,65,0.0
21,146,215,184,185,246,158,141,130,124,170,307,237,233,184,123,161,126,103,181,158,162,233,202,263,126,146,177,141,181,140,145,98,155,187,245,155,137,168,145,131,174,215,171,102,161,298,136,308,154,161,187,166,138,149,187,175,157,144,131,148,132,226,298,238,102,168,237,120,130,145,188,199,100,170,238,123,163,137,162,140,145,174,144,168,188,262,2,65,51,49,64,33,33,11,2,73,20,46,20,11,34,105,11,65,56,56,85,71,15,19,132,14,12,39,78,109,73,7,5,0,84,51,81,61,56,63,41,3,84,28,2,3,2,12,40,10,104,90,27,106,45,75,77,55,13,23,26,76,7,1,2,24,1,62,91,80,72,14,6,27,74,42,5,15,11,46,1,134,41,11,85,72,0.0
22,149,225,190,191,258,165,148,135,133,178,321,245,243,188,131,172,134,108,186,165,168,243,210,277,131,150,184,149,188,150,156,102,164,196,257,161,149,173,148,135,181,221,179,109,167,311,148,322,163,172,193,174,142,151,193,184,162,154,136,159,138,235,311,249,109,177,245,125,137,155,197,206,107,178,249,132,171,149,170,143,148,181,147,177,194,276,2,69,53,50,68,34,34,12,2,77,22,46,22,11,35,111,11,69,57,57,91,76,17,19,138,16,12,42,82,114,77,8,5,0,88,52,85,62,59,65,41,3,88,28,2,3,2,12,43,11,110,92,28,112,48,77,81,58,15,24,26,78,8,1,2,25,1,63,93,84,77,14,6,28,80,44,5,17,12,48,1,141,41,11,91,77,0.0
23,160,235,197,198,273,171,160,142,140,187,339,260,257,200,137,180,141,115,198,171,176,257,219,293,137,155,192,155,199,157,158,106,169,205,272,172,157,183,159,139,190,234,188,117,176,328,153,339,168,180,202,179,149,158,200,190,173,162,143,166,148,244,328,262,117,187,260,133,143,163,206,216,117,183,262,138,177,157,176,148,159,190,158,187,201,292,2,71,58,51,71,34,36,12,2,77,23,46,23,12,35,114,11,71,59,59,95,77,17,19,145,17,12,44,85,118,77,9,5,0,91,52,89,65,63,66,44,3,91,30,2,3,2,12,45,11,113,98,28,121,48,82,84,62,16,25,28,83,8,1,2,26,1,66,99,88,78,15,6,28,85,46,5,17,12,50,1,148,44,12,95,82,0.0
24,167,246,203,205,285,176,169,147,143,199,351,268,265,208,139,189,148,116,206,176,183,265,227,304,141,163,198,158,208,163,168,112,174,223,284,177,168,191,166,146,202,241,200,125,179,341,161,351,173,189,209,188,159,170,208,198,180,168,149,176,157,257,341,271,125,194,268,145,146,169,224,223,122,192,271,147,183,168,182,156,166,202,165,193,209,303,2,73,60,54,74,36,38,13,2,79,24,48,24,12,37,117,11,73,60,60,99,80,17,19,155,17,13,49,89,121,79,9,6,0,94,55,94,68,68,69,45,3,94,34,2,3,2,13,50,13,116,103,32,126,49,84,89,67,16,26,32,85,9,1,2,27,1,69,104,93,81,17,6,32,94,48,5,17,13,54,1,159,45,12,99,90,0.0
25,2,0,3,3,0,6,4,2,0,6,0,0,0,5,6,0,5,2,0,6,2,0,0,1,4,2,0,2,0,1,1,0,2,4,0,0,6,0,2,0,8,0,6,8,4,1,6,0,1,0,0,9,6,3,6,4,0,3,3,3,4,0,1,0,8,1,0,5,2,4,4,0,2,9,0,0,4,6,3,0,5,8,5,1,6,1,11,8,7,8,5,14,7,7,11,10,8,8,8,8,14,6,5,8,8,8,7,5,10,9,10,12,7,7,9,7,10,11,6,7,11,12,8,9,10,7,4,14,12,7,11,14,4,7,6,14,6,10,5,5,6,12,9,10,12,9,6,13,3,17,11,7,14,9,11,8,5,4,10,5,7,8,10,9,7,7,4,10,4,8,7,7,1.0
26,3,0,5,5,3,11,16,3,2,13,1,0,2,11,12,0,6,4,0,11,6,2,2,4,8,6,0,4,1,3,2,0,2,6,3,0,8,0,3,0,15,1,14,13,10,1,10,1,1,0,0,17,16,7,11,6,0,5,4,4,9,0,1,1,13,5,0,8,2,6,6,0,2,17,0,3,10,8,10,1,16,15,15,5,10,4,20,15,16,15,8,26,17,16,29,11,22,17,21,17,26,15,12,15,17,17,18,18,28,15,23,29,19,17,17,14,11,20,20,20,23,28,14,15,21,13,10,20,24,14,28,20,12,19,16,24,14,20,11,15,11,22,17,21,29,18,14,23,13,28,20,15,25,14,21,14,18,10,23,11,21,17,23,27,16,20,11,23,11,17,18,21,1.0
27,4,0,9,9,3,20,20,6,3,22,2,0,3,18,19,1,13,10,0,21,7,3,2,4,11,8,0,9,2,3,3,0,2,12,3,1,16,0,4,0,25,1,23,19,16,1,11,2,1,1,0,24,20,14,25,11,0,5,6,10,12,1,1,1,19,8,0,10,2,6,11,0,2,24,0,4,13,16,13,1,24,26,24,9,23,4,27,25,20,22,17,33,27,25,44,16,27,22,27,28,33,23,22,25,26,26,23,28,43,23,32,47,26,31,28,23,16,30,26,26,32,42,21,23,31,22,21,38,33,25,43,38,23,27,30,31,21,27,24,25,19,31,28,31,47,26,25,34,20,42,28,23,39,22,28,21,28,20,31,24,38,23,31,43,25,24,20,32,22,28,23,37,1.0
28,4,0,12,13,6,21,26,9,6,31,2,0,3,25,24,2,15,15,0,22,9,3,2,4,16,11,0,12,2,4,7,0,3,19,6,3,18,0,4,2,30,1,32,26,22,2,13,2,3,2,0,29,28,17,31,14,0,7,10,12,14,1,2,1,26,12,0,10,2,8,18,0,2,29,0,4,17,18,17,3,29,31,29,12,30,4,32,33,33,33,22,44,33,33,67,29,46,25,46,40,44,35,30,33,34,34,31,41,59,29,40,66,44,48,40,29,29,34,35,35,37,68,31,31,37,26,27,61,39,39,66,61,33,45,46,47,33,37,28,35,28,41,40,37,66,31,38,44,30,48,33,30,44,30,40,32,41,31,36,29,47,34,37,59,33,33,30,40,27,40,31,46,1.0
29,5,0,17,18,8,27,29,9,8,39,2,0,3,38,33,3,16,17,0,28,13,3,2,4,16,16,0,18,2,5,12,1,3,25,8,3,22,0,5,3,36,1,40,34,25,3,14,2,3,3,0,39,32,21,38,17,0,12,10,12,20,1,3,1,35,15,0,12,3,13,24,0,2,39,0,5,22,22,22,4,32,37,32,16,38,4,42,41,42,43,29,56,43,40,86,40,57,28,57,49,56,47,39,40,44,44,38,48,75,34,55,86,56,60,48,38,41,46,46,48,43,88,39,37,45,32,29,72,45,51,84,71,45,57,58,61,44,50,33,43,30,44,48,45,86,35,51,47,37,57,43,43,53,36,53,40,48,39,42,34,55,41,43,75,40,44,42,56,29,49,38,54,1.0
30,7,0,19,20,12,30,38,12,10,42,2,0,3,42,38,3,23,19,0,31,16,4,2,5,22,21,0,25,2,7,22,2,4,36,12,4,34,0,7,3,39,1,43,43,30,3,17,2,4,3,0,43,37,23,47,22,0,16,13,13,28,2,3,1,44,17,0,12,4,17,35,0,2,43,0,5,29,34,29,4,40,40,40,18,47,5,47,50,49,53,35,66,49,52,108,52,70,35,70,58,65,53,48,50,55,56,43,57,88,42,69,93,72,73,56,46,53,53,54,57,50,103,46,43,54,39,39,85,52,65,106,84,56,72,71,65,50,61,43,52,36,57,56,54,93,44,64,61,43,64,48,46,60,42,63,47,57,48,54,44,68,52,55,88,52,50,53,70,39,58,43,67,1.0
31,9,1,26,28,12,36,43,13,14,52,2,1,3,46,44,3,27,24,0,38,20,4,2,6,27,27,1,32,2,11,31,3,6,48,12,7,40,0,9,3,43,2,54,54,40,3,22,2,6,3,0,47,44,29,52,30,0,19,14,13,34,2,3,1,55,24,1,14,5,21,47,0,3,47,0,6,35,40,35,5,44,44,44,25,52,6,58,62,54,61,44,74,56,64,130,63,81,45,81,63,73,59,52,63,68,69,55,61,100,49,82,108,84,85,65,57,63,73,71,67,54,112,53,48,63,45,44,100,56,78,127,98,73,83,85,74,56,76,55,59,44,69,65,63,108,48,78,72,50,77,59,54,73,47,78,54,62,52,63,56,74,58,64,100,64,60,71,83,45,63,55,73,1.0
32,10,1,31,33,14,38,51,14,17,62,2,1,3,50,49,4,30,28,0,40,22,4,2,8,31,28,1,34,2,13,41,4,6,55,14,7,45,0,10,3,51,3,64,65,44,3,25,2,6,4,0,50,46,37,61,33,0,21,15,15,39,2,3,2,66,27,1,15,7,23,54,0,4,51,1,7,38,45,38,5,57,52,56,28,61,7,70,74,66,77,53,83,65,72,146,69,92,53,92,71,82,70,59,75,83,84,67,78,119,54,96,126,97,95,77,65,70,85,75,77,65,128,63,60,72,56,52,114,67,94,142,111,82,95,95,92,66,88,61,69,48,76,77,72,126,60,95,79,58,90,73,62,86,59,90,64,79,56,74,62,86,68,75,119,72,67,80,97,53,70,67,86,1.0
33,12,1,36,38,15,45,58,17,19,67,2,2,3,55,54,5,32,31,0,47,22,4,2,8,34,30,1,38,2,19,45,5,8,60,15,9,54,0,12,3,55,3,71,74,55,4,29,2,9,5,0,54,55,40,68,35,0,26,18,16,45,2,4,2,76,30,2,17,8,28,60,0,4,55,1,8,43,53,43,5,64,56,63,31,68,7,80,84,76,85,63,91,76,75,166,83,109,64,109,75,90,80,65,85,88,89,79,83,138,61,110,149,109,103,87,74,82,92,82,93,72,134,74,74,83,62,61,124,73,101,162,121,94,107,105,106,76,99,71,79,54,84,87,84,149,73,102,87,69,106,84,69,100,73,100,73,84,66,82,71,98,77,84,137,75,76,92,110,62,74,79,98,1.0
34,14,1,39,41,15,48,63,18,20,77,2,3,3,59,58,6,37,34,1,50,23,4,2,8,38,33,2,38,2,20,47,7,8,65,15,9,61,0,14,3,61,3,81,78,61,5,30,2,9,6,0,58,59,45,74,40,0,29,19,19,54,2,5,2,80,31,3,18,11,31,65,0,5,59,1,10,45,60,45,5,70,62,69,32,74,7,89,97,83,94,66,102,82,82,182,97,122,71,123,82,101,92,74,99,97,98,93,92,156,70,129,172,117,114,99,79,96,101,89,97,84,149,82,87,93,73,68,139,85,109,178,136,103,115,116,121,88,110,87,86,63,92,99,95,172,82,110,95,76,118,93,78,112,86,111,81,93,73,93,86,117,89,94,155,82,83,101,129,69,81,93,115,1.0
35,14,1,46,49,15,50,68,21,24,89,4,3,3,66,66,6,41,40,1,53,28,4,2,8,43,36,2,41,2,24,57,7,9,71,15,10,68,0,14,3,65,3,93,86,73,5,31,4,10,6,0,65,63,46,80,42,0,31,22,21,58,2,5,2,88,33,3,19,13,33,71,0,6,66,1,10,51,67,51,5,71,66,70,34,79,7,99,101,85,104,71,111,95,87,195,105,134,85,135,86,110,103,85,103,105,106,103,101,170,75,140,186,128,126,112,91,104,110,97,102,92,168,87,93,103,83,74,150,93,119,191,147,110,126,129,135,99,120,95,99,70,104,111,105,186,92,121,107,84,130,102,84,124,92,122,86,102,79,105,94,131,99,104,169,88,92,108,140,75,85,103,129,1.0
36,16,1,51,54,17,53,79,25,27,100,4,4,3,74,78,6,45,41,1,56,33,4,2,10,47,39,2,47,2,28,58,9,12,78,17,12,75,0,16,4,72,3,104,92,75,6,34,4,14,6,0,79,70,49,86,45,0,36,26,23,61,2,6,4,94,35,4,19,15,38,79,0,8,79,3,10,56,74,56,6,82,73,81,36,86,8,105,109,90,116,74,128,103,95,218,111,156,91,157,97,127,115,95,111,113,114,115,108,184,80,148,203,139,139,120,104,110,117,106,115,100,182,95,102,112,87,81,166,101,128,216,163,127,137,143,149,111,126,104,113,77,109,119,114,203,99,130,112,92,140,106,91,134,101,128,94,108,87,111,103,143,109,109,183,97,99,125,148,82,96,115,141,1.0
37,18,1,55,58,18,55,85,28,29,104,4,4,3,78,87,8,46,42,1,58,40,4,2,11,50,44,2,48,2,30,64,9,12,82,18,14,79,0,19,5,74,3,109,101,77,7,38,4,14,8,0,86,74,51,92,48,0,41,29,25,66,2,7,4,103,36,4,21,15,43,83,0,9,85,3,10,57,78,57,7,87,75,86,37,92,9,113,118,99,127,86,140,115,102,236,115,169,100,170,107,139,126,103,120,120,121,124,119,207,87,159,227,148,146,129,114,114,126,120,123,109,206,106,115,122,94,82,185,110,134,234,182,140,146,150,158,122,136,115,118,80,117,128,123,227,111,135,120,105,151,114,100,145,114,138,105,118,95,116,114,157,116,114,206,104,107,138,159,83,106,124,155,1.0
38,20,1,58,62,20,62,90,28,31,109,7,5,5,86,93,8,51,47,2,65,44,6,2,12,56,48,2,50,2,32,70,9,12,89,20,16,84,0,21,7,79,3,114,107,83,9,40,7,14,8,0,94,78,54,99,50,0,45,29,25,68,2,9,4,109,41,5,22,17,47,90,0,9,93,3,11,60,83,60,8,93,79,92,42,97,10,122,128,108,134,94,155,116,114,245,120,179,107,179,118,154,134,107,129,129,130,136,124,221,93,170,249,159,154,142,125,119,133,128,128,116,220,119,123,128,102,92,193,117,148,243,190,149,158,158,163,130,152,128,127,83,125,141,129,249,120,149,130,112,164,123,108,158,122,154,117,123,106,130,127,170,121,128,220,116,114,147,171,93,117,136,167,1.0
39,21,1,64,68,21,69,98,32,33,115,8,5,6,93,103,9,54,47,2,72,48,6,2,12,57,52,2,52,2,34,71,10,14,99,21,17,86,0,22,8,83,3,120,112,87,9,44,7,15,9,0,103,83,55,106,52,0,49,33,27,73,2,9,4,114,44,5,25,19,51,100,0,10,103,3,13,65,85,65,8,98,83,97,45,104,11,132,135,114,142,105,168,124,127,262,133,196,120,196,124,167,138,118,136,140,141,146,131,240,101,188,264,169,161,154,134,132,141,137,135,118,225,128,127,137,105,103,207,119,156,260,204,161,169,165,173,134,161,142,135,90,135,154,138,264,130,157,140,120,170,132,110,164,127,163,126,131,110,137,141,181,128,135,239,129,119,159,189,104,123,148,178,1.0
40,22,1,70,74,21,70,103,34,36,126,9,8,6,99,110,9,58,51,2,73,50,6,2,12,60,55,2,53,2,37,81,10,14,109,21,18,91,0,23,8,90,5,131,116,94,10,47,8,15,9,0,112,85,60,111,55,0,52,34,29,78,2,10,4,118,44,8,25,20,54,110,0,11,111,3,14,69,91,69,8,105,90,104,45,109,11,144,147,123,153,111,174,131,135,277,137,211,128,211,134,174,141,126,148,150,151,153,138,255,108,206,286,180,170,162,144,136,150,147,144,123,246,142,141,148,107,112,222,124,166,275,218,167,180,174,197,137,166,151,141,98,141,162,149,286,134,168,146,127,183,144,120,177,141,168,140,138,112,147,150,195,129,145,255,138,125,165,207,113,132,157,192,1.0
41,24,1,73,77,21,72,111,37,36,135,11,8,8,104,113,9,59,54,2,75,55,8,2,13,61,59,2,55,2,38,84,10,15,113,21,19,94,0,24,8,96,5,140,121,102,10,52,10,16,9,0,117,88,65,118,59,0,58,37,30,87,2,10,4,123,46,8,25,20,60,114,0,11,118,3,16,69,94,69,9,112,96,111,47,116,12,151,152,131,161,123,181,135,146,290,145,217,135,217,144,180,148,135,154,157,158,162,152,267,118,220,295,192,178,170,149,144,153,157,146,129,259,145,148,152,114,115,233,130,175,288,229,180,192,182,204,144,175,161,149,107,149,170,153,295,141,177,154,134,190,151,131,185,147,177,143,152,124,158,159,208,138,156,267,149,129,178,221,116,142,166,205,1.0
42,27,1,77,81,22,78,118,40,38,143,11,9,8,107,118,10,60,57,2,81,59,8,2,14,68,61,2,56,2,41,90,11,15,119,22,20,99,0,27,8,101,6,148,134,104,11,56,10,16,10,0,127,95,70,128,64,0,61,40,31,97,2,11,4,136,48,9,26,21,63,121,0,11,128,3,18,74,99,76,9,120,101,119,49,126,13,164,164,139,171,131,194,144,161,312,151,226,143,226,151,193,156,146,166,164,165,174,160,289,125,235,315,202,185,177,156,150,161,164,158,137,278,153,158,160,123,119,247,135,182,310,242,190,202,190,212,153,187,172,160,114,157,177,161,316,151,184,163,138,198,164,138,193,158,190,150,158,132,170,170,218,147,168,288,164,141,188,237,120,148,179,213,1.0
43,29,1,86,91,25,80,130,43,39,146,12,9,8,114,119,12,62,62,3,83,59,8,2,14,78,64,2,58,2,41,96,11,15,128,25,21,104,0,28,9,106,6,151,143,110,12,60,11,16,12,1,134,101,76,134,67,0,65,43,35,102,2,12,4,145,52,9,28,22,67,130,0,11,134,3,18,78,104,80,10,122,106,121,53,132,13,175,176,151,179,137,208,152,170,333,157,243,151,243,159,206,165,158,178,175,177,182,166,300,135,237,328,212,196,182,159,157,168,173,167,145,303,159,165,166,134,130,267,143,190,332,262,199,213,202,227,162,194,185,166,121,167,182,167,329,169,192,173,147,209,174,146,204,165,197,156,164,142,185,183,224,154,182,299,173,150,197,239,131,156,187,219,1.0
44,31,1,92,97,26,86,137,47,43,155,12,9,8,124,126,12,65,64,3,89,60,8,2,14,79,67,2,61,2,42,98,11,15,129,26,22,114,0,30,10,114,7,160,150,117,12,64,11,16,12,1,145,108,80,145,71,0,67,46,35,107,2,12,4,151,56,9,28,22,69,131,0,11,144,3,20,82,114,84,12,132,114,129,57,143,13,181,186,158,190,140,219,158,180,350,159,257,161,257,173,217,168,164,188,188,191,191,176,314,146,249,344,227,206,196,166,159,174,182,172,154,329,168,172,175,142,142,291,151,196,349,286,206,228,211,236,165,202,194,174,131,170,196,176,345,176,198,177,151,219,180,162,214,171,205,165,175,146,189,192,233,163,186,313,183,158,204,251,143,170,196,228,1.0
45,31,1,99,104,28,89,140,52,44,160,14,9,9,128,130,12,67,65,3,92,63,9,2,14,83,71,2,62,2,47,105,12,16,135,28,23,120,0,30,11,117,8,165,158,118,14,71,13,16,12,2,153,115,86,150,79,0,72,51,36,111,2,14,4,159,57,9,31,22,74,138,0,13,152,3,22,87,120,90,14,135,118,132,58,148,13,190,197,166,194,147,228,165,193,363,165,267,165,267,176,226,175,171,199,197,200,210,185,327,162,262,356,237,214,205,172,165,184,188,183,161,345,179,179,188,152,156,304,158,202,362,299,214,238,219,247,172,213,203,179,142,176,205,189,357,183,204,182,156,228,189,169,223,178,216,176,184,152,199,201,248,170,196,326,196,162,212,264,157,173,215,243,1.0
46,32,1,102,107,30,90,146,53,45,165,14,9,9,139,138,12,71,69,3,93,65,9,2,16,86,76,2,67,2,50,107,12,18,143,30,23,123,1,31,11,121,8,170,162,121,14,72,13,18,12,3,162,117,91,160,81,0,75,52,38,119,2,14,4,163,59,9,33,22,76,146,0,13,161,3,22,93,124,96,14,140,122,137,60,160,15,201,204,172,206,151,240,171,202,379,177,280,173,281,184,238,185,184,206,208,211,215,195,343,172,271,369,248,224,217,179,177,195,191,191,168,362,194,182,195,160,170,319,165,213,378,314,217,248,229,257,183,221,214,192,149,187,217,196,370,190,215,193,163,238,198,184,234,182,225,191,194,158,210,212,260,176,206,342,205,167,215,273,170,182,220,255,1.0
47,34,1,108,113,30,94,152,55,46,173,14,9,10,146,145,13,78,72,3,97,67,10,2,16,92,80,2,74,2,53,111,12,19,147,30,23,131,1,33,11,128,10,177,164,124,16,77,13,19,13,3,168,122,94,164,89,0,81,54,39,126,2,16,5,165,62,9,35,22,82,150,0,13,167,4,23,96,132,99,14,145,129,142,63,164,15,210,211,184,214,159,250,179,213,387,185,292,179,293,191,248,194,192,213,220,223,233,211,353,176,282,379,255,239,231,191,185,205,196,195,180,377,203,195,208,170,179,332,175,222,386,327,222,255,244,265,192,235,220,199,158,197,231,209,381,200,224,203,168,245,207,191,241,194,239,200,210,174,221,219,274,182,217,352,215,175,220,284,179,189,238,269,1.0
48,34,1,111,116,30,100,155,58,46,179,16,9,11,151,152,14,83,73,3,103,70,11,2,16,100,84,2,78,2,53,117,12,19,152,30,23,132,1,33,11,132,10,183,173,127,17,81,15,19,14,3,172,130,103,176,91,0,82,57,41,133,2,17,5,174,66,9,37,22,83,155,0,15,171,4,25,102,133,105,14,148,133,145,68,176,15,219,224,188,222,169,263,186,233,410,192,304,193,304,203,262,201,197,225,234,236,248,216,369,183,295,391,266,246,241,200,192,210,204,207,188,399,211,204,216,183,187,351,183,233,407,345,233,266,251,279,199,243,233,204,163,205,241,217,394,208,235,210,180,253,217,199,248,203,247,208,215,180,238,232,284,188,234,367,235,181,231,297,188,201,253,279,1.0
49,36,1,119,124,32,105,162,63,46,187,16,9,11,157,158,14,87,74,3,109,77,11,2,16,102,87,3,79,2,56,122,12,19,161,32,23,137,1,35,14,136,11,192,181,131,17,85,15,19,14,3,182,133,104,184,96,0,84,62,44,138,2,17,5,181,68,9,38,22,85,164,0,17,181,4,25,107,139,110,14,150,137,147,70,184,15,226,231,194,229,173,270,202,244,432,208,319,205,319,213,269,211,207,232,242,244,257,223,382,192,302,407,273,256,249,207,208,217,212,223,197,412,220,210,229,190,197,365,192,243,430,359,245,273,263,293,209,257,242,213,164,218,249,230,410,222,247,224,189,265,225,206,260,209,261,217,222,191,244,241,295,197,240,379,246,193,244,304,198,211,262,290,1.0
